,2019-04-17,2019-04-18
融资融券,708.0,478.0
转融券标的,708.0,478.0
深股通,521.0,362.0
地方国资改革,469.0,299.0
沪股通,415.0,284.0
年报预增,332.0,226.0
新能源,275.0,199.0
证金持股,228.0,146.0
军工,226.0,172.0
股权转让,200.0,133.0
央企国资改革,194.0,130.0
新能源汽车,194.0,151.0
MSCI概念,181.0,121.0
锂电池,169.0,109.0
物联网,164.0,105.0
创投,154.0,89.0
5G,149.0,124.0
互联网+,141.0,88.0
独角兽概念,137.0,88.0
一带一路,137.0,102.0
文化传媒,134.0,96.0
雄安新区,133.0,81.0
MSCI预期,125.0,93.0
电子商务,124.0,86.0
PPP概念,123.0,89.0
工业4.0,120.0,74.0
白马股,119.0,86.0
新材料概念,118.0,76.0
大数据,117.0,77.0
机构重仓,115.0,83.0
机器人概念,111.0,79.0
节能环保,110.0,82.0
参股新三板,107.0,58.0
军民融合,106.0,81.0
电子信息,106.0,77.0
光伏概念,98.0,69.0
小金属概念,96.0,60.0
涉矿,94.0,66.0
高端装备,93.0,68.0
芯片概念,93.0,55.0
华为概念,92.0,65.0
虚拟现实,87.0,53.0
互联网金融,87.0,53.0
天然气,86.0,48.0
智慧城市,85.0,55.0
特斯拉,85.0,60.0
高送转,83.0,54.0
人工智能,83.0,41.0
燃料电池,82.0,72.0
智能电网,82.0,52.0
低碳,81.0,59.0
移动互联网,77.0,51.0
小额贷款,77.0,47.0
参股券商,77.0,33.0
云计算,77.0,41.0
轨道交通,74.0,51.0
医保目录,74.0,44.0
生物医药,74.0,45.0
壳资源,73.0,54.0
工业机器人,72.0,53.0
OLED,70.0,41.0
区块链,70.0,38.0
国产软件,69.0,32.0
新基建,68.0,54.0
污水处理,68.0,48.0
新股与次新股,67.0,40.0
核电,66.0,47.0
煤化工,66.0,34.0
中医药,66.0,39.0
央企控股,62.0,47.0
人民币贬值受益,61.0,37.0
融资租赁,61.0,39.0
乡村振兴,61.0,46.0
参股保险,61.0,31.0
智能家居,59.0,44.0
太阳能,59.0,40.0
节能照明,59.0,40.0
超清视频,59.0,37.0
边缘计算,59.0,39.0
集成电路概念,59.0,35.0
航天军工,58.0,54.0
工业互联网,58.0,39.0
网络游戏,58.0,39.0
抗癌,58.0,39.0
医疗器械概念,57.0,35.0
充电桩,57.0,44.0
参股民营银行,56.0,37.0
ST板块,56.0,46.0
国资驰援,56.0,36.0
智能终端,56.0,40.0
苹果概念,56.0,46.0
--,56.0,34.0
健康中国,56.0,33.0
安防,55.0,39.0
智能穿戴,55.0,37.0
广东国资改革,55.0,25.0
汽车电子,53.0,38.0
柔性屏,53.0,40.0
风电,52.0,37.0
金改,50.0,26.0
振兴东北,49.0,31.0
高铁,49.0,33.0
新零售,49.0,36.0
手机游戏,49.0,32.0
养老金持股,48.0,39.0
宁德时代概念,48.0,30.0
石墨烯,47.0,39.0
腾讯概念,47.0,28.0
元器件,47.0,34.0
汽车制造概念,47.0,30.0
氢能源,47.0,44.0
无人驾驶,47.0,32.0
无人机,46.0,38.0
上海国资改革,46.0,15.0
小米概念,45.0,35.0
车联网,45.0,29.0
科创板IPO,44.0,23.0
互联网医疗,44.0,26.0
仪电仪表,44.0,30.0
贸易战影响股,44.0,35.0
大消费,44.0,41.0
国改双百行动,44.0,28.0
老字号,43.0,28.0
智能交通,43.0,23.0
京津冀一体化,42.0,29.0
长三角一体化,42.0,25.0
央视财经50,42.0,32.0
移动支付,42.0,26.0
影视娱乐,42.0,35.0
迪士尼,42.0,24.0
美丽中国,41.0,25.0
3D打印,41.0,33.0
网络安全,40.0,31.0
玻璃,40.0,28.0
粤港澳大湾区,40.0,25.0
航空航天,39.0,32.0
在线教育,39.0,25.0
工业大麻,39.0,23.0
物联网应用层,38.0,20.0
阿里巴巴概念,38.0,27.0
养老概念,37.0,18.0
二胎概念,37.0,31.0
稀有金属,37.0,27.0
物联网感知层,37.0,26.0
固废处理,37.0,28.0
科创板预期,37.0,23.0
体育产业,36.0,22.0
循环经济,36.0,25.0
广告营销,36.0,27.0
卫星导航,36.0,25.0
医疗改革,35.0,20.0
智能医疗,35.0,20.0
稀缺资源,35.0,26.0
创新药,35.0,27.0
成渝特区,35.0,30.0
纳米,34.0,22.0
职业教育,34.0,23.0
中字头股票,33.0,28.0
跨境电商,33.0,21.0
锂电制造,33.0,25.0
债转股,33.0,18.0
兜底增持,33.0,25.0
土地流转,32.0,19.0
页岩气,32.0,20.0
光纤,32.0,31.0
家用电器,32.0,35.0
分布式发电,32.0,23.0
新能源整车,32.0,24.0
稀土永磁,31.0,21.0
流感,31.0,18.0
国产航母,31.0,29.0
基因测序,31.0,21.0
上海自贸区,31.0,11.0
环渤海,30.0,18.0
民营医院,30.0,18.0
海洋经济,30.0,21.0
新型城镇化,29.0,18.0
蚂蚁金服概念,29.0,16.0
商誉减值,29.0,24.0
互联网平台,29.0,16.0
北京国资改革,29.0,21.0
供应链金融,29.0,18.0
保障房,29.0,22.0
TMT,29.0,18.0
智能汽车,28.0,20.0
消费电子,28.0,22.0
大飞机,28.0,27.0
地下管网,28.0,17.0
村镇银行,28.0,19.0
贸易战受益股,28.0,25.0
智能物流,28.0,17.0
新疆振兴,27.0,24.0
生态农业,27.0,22.0
棉,27.0,19.0
外贸,27.0,15.0
海南自贸区,27.0,12.0
动漫,27.0,17.0
铁路基建,27.0,18.0
能源互联网,26.0,19.0
有色铝,26.0,18.0
收入改革,26.0,19.0
储能,26.0,20.0
滨海新区,26.0,17.0
宽带中国,26.0,25.0
电力改革,26.0,21.0
富士康概念,26.0,24.0
蓝宝石,26.0,18.0
绿色建筑,25.0,19.0
国产替代,25.0,12.0
东盟北部湾,25.0,19.0
垃圾发电,25.0,19.0
江苏国资改革,25.0,13.0
建筑节能,25.0,16.0
体外诊断,25.0,16.0
服务机器人,25.0,15.0
正极材料,25.0,19.0
量子通信,25.0,20.0
增强现实,24.0,10.0
园林开发,24.0,18.0
多晶硅,24.0,17.0
网络直播,24.0,17.0
中部崛起,24.0,17.0
数字中国,24.0,19.0
期货概念,24.0,12.0
高校,23.0,12.0
山东国资改革,23.0,19.0
优先股概念,23.0,18.0
VR设备,23.0,16.0
特高压,23.0,15.0
油气开采,23.0,13.0
油品改革,23.0,13.0
甲醇,23.0,16.0
区块链应用,23.0,11.0
三星,23.0,13.0
春运,22.0,10.0
IP概念,22.0,16.0
PM2.5,22.0,16.0
通用航空,22.0,18.0
雄安基建,22.0,15.0
铜,22.0,15.0
猪肉,22.0,19.0
丙烯,22.0,16.0
人脸识别,22.0,16.0
百度概念,22.0,16.0
紫光系,22.0,20.0
浙江国资改革,21.0,15.0
冷链物流,21.0,12.0
装配式建筑,21.0,14.0
金融科技,21.0,11.0
三网融合,21.0,18.0
电力物联网,21.0,13.0
OLED材料,21.0,9.0
触摸屏,21.0,16.0
商超百货,20.0,13.0
电子政务,20.0,11.0
土壤修复,20.0,14.0
合同能源管理,20.0,15.0
黄金概念,20.0,14.0
两会,20.0,17.0
芯片设计,20.0,9.0
生物质能,20.0,11.0
保健品,20.0,12.0
钴,20.0,11.0
安徽国资改革,20.0,10.0
反恐,20.0,17.0
世界杯,20.0,17.0
无线充电,20.0,20.0
废气处理,20.0,14.0
阅兵,20.0,21.0
中朝贸易区,20.0,16.0
水泥,19.0,20.0
光通信设备,19.0,19.0
工业用地,19.0,9.0
人民币升值,19.0,11.0
锌,19.0,11.0
传感器,19.0,15.0
智能电视,19.0,15.0
农村电商,19.0,15.0
电机电控,19.0,17.0
锂电原料,19.0,13.0
中非合作,19.0,10.0
国开行,19.0,13.0
电子竞技,19.0,17.0
鄱阳湖经济区,18.0,10.0
深圳国资改革,18.0,5.0
全息手机,18.0,10.0
金融IC,18.0,11.0
再生金属,18.0,16.0
海绵城市,18.0,14.0
送转填权,18.0,10.0
海峡西岸,18.0,18.0
恒大概念,18.0,10.0
动力煤,18.0,13.0
3D玻璃,18.0,14.0
聚丙烯,18.0,12.0
稀缺煤,17.0,14.0
饲料,17.0,14.0
脱硫脱硝,17.0,16.0
造纸转暖,17.0,11.0
LNG加气站,17.0,12.0
共享经济,17.0,11.0
中航系,17.0,17.0
水利,17.0,10.0
国际板,17.0,14.0
数字电视,17.0,12.0
蔚来汽车概念,17.0,10.0
广播电视,17.0,8.0
物联网平台层,17.0,17.0
平面媒体,17.0,10.0
超级品牌,17.0,16.0
西气东输,17.0,6.0
锂电隔膜,16.0,11.0
细胞免疫治疗,16.0,10.0
雷达,16.0,11.0
通信基站,16.0,14.0
海工装备,16.0,14.0
地震,16.0,6.0
物流骨干网,16.0,7.0
春节概念,16.0,13.0
磷化工,16.0,14.0
特色小镇,16.0,11.0
锂矿,16.0,11.0
雄安环保,16.0,9.0
抗肿瘤,16.0,10.0
舟山新区,16.0,9.0
抗旱,16.0,10.0
抗寒,16.0,9.0
湖南国资改革,16.0,11.0
军工改制,16.0,20.0
知识产权保护,16.0,11.0
高送转预期,16.0,8.0
西部开发,16.0,15.0
足球概念,16.0,7.0
IPV6,16.0,11.0
网约车,15.0,10.0
纸浆,15.0,7.0
区块链储备,15.0,6.0
国家科技大会,15.0,12.0
京东概念,15.0,8.0
新媒体,15.0,6.0
WIN升级,15.0,11.0
横琴新区,15.0,13.0
涤纶,15.0,9.0
航运概念,15.0,6.0
超级电容,15.0,10.0
锂电设备,15.0,10.0
互联网保险,15.0,9.0
生物农药,15.0,6.0
北汽新能源,15.0,12.0
煤层气,15.0,7.0
白酒概念,15.0,18.0
碳纤维,14.0,12.0
高性能膜,14.0,8.0
IGBT,14.0,12.0
透明工厂,14.0,10.0
农业种植,14.0,11.0
天津国资改革,14.0,9.0
中原经济区,14.0,10.0
马云概念,14.0,8.0
禽流感,14.0,9.0
光纤光缆,14.0,16.0
尿素,14.0,9.0
互联网彩票,14.0,9.0
自由贸易港,14.0,5.0
云服务,14.0,9.0
核高基,14.0,9.0
医药电商,14.0,7.0
排水,14.0,7.0
东北亚经贸中心,14.0,11.0
可燃冰,14.0,5.0
海水淡化,14.0,11.0
农机,14.0,6.0
河南国资改革,14.0,7.0
网络电视,13.0,7.0
分散染料,13.0,8.0
膜材料,13.0,7.0
物流电商平台,13.0,9.0
仿制药,13.0,2.0
信托概念,13.0,7.0
微信概念,13.0,6.0
钢结构,13.0,9.0
化肥,13.0,11.0
三农,13.0,8.0
浦东新区,13.0,4.0
国家大基金持股,13.0,7.0
乳业,13.0,10.0
油品升级,13.0,10.0
在线旅游,13.0,11.0
网络视频,13.0,10.0
中兵系,13.0,8.0
地理信息,13.0,8.0
东盟自贸区,13.0,9.0
三沙,13.0,5.0
南海,13.0,13.0
危废处理,13.0,10.0
外汇局持股,13.0,10.0
山西国资改革,13.0,10.0
数字营销,12.0,9.0
生物疫苗,12.0,8.0
线型,12.0,7.0
老龄化,12.0,5.0
干细胞,12.0,7.0
土地增值,12.0,5.0
共享汽车,12.0,10.0
参股万达商业,12.0,9.0
智能音箱,12.0,9.0
数据存储,12.0,8.0
航空发动机,12.0,9.0
机械装备,12.0,8.0
尾气治理,12.0,11.0
棚户区改造,12.0,8.0
新能源物流车,12.0,10.0
王者荣耀,12.0,8.0
铅,12.0,6.0
宝能系,12.0,8.0
动力电池回收,12.0,10.0
地热能,12.0,11.0
指纹技术,12.0,9.0
钼,12.0,7.0
玉米,12.0,9.0
节能电机,12.0,11.0
节水灌溉,12.0,9.0
铁矿石,12.0,9.0
冬奥会,12.0,11.0
福建自贸区,12.0,11.0
安邦系,12.0,4.0
烧碱,12.0,11.0
铝材加工,12.0,6.0
儿童医药医疗,12.0,9.0
AI芯片,12.0,5.0
租售同权,12.0,7.0
埃博拉概念,12.0,8.0
互联网电视,11.0,8.0
新疆建设兵团,11.0,10.0
舟山自贸区,11.0,5.0
中科院系,11.0,4.0
油价下调,11.0,8.0
青岛自贸区,11.0,7.0
网络切片,11.0,8.0
中韩自贸区,11.0,5.0
维生素,11.0,7.0
电动汽车,11.0,10.0
生物育种,11.0,10.0
长江经济带,11.0,5.0
成泉资本持股,11.0,9.0
海南旅游岛,11.0,3.0
裸眼3D,11.0,5.0
养老地产,11.0,2.0
PVC,11.0,10.0
油价上调,11.0,4.0
儿童消费品,11.0,7.0
碳纳米管,11.0,9.0
移动转售,11.0,9.0
芯片制造,11.0,7.0
食品安全,11.0,10.0
天津自贸区,11.0,5.0
供气,11.0,7.0
遥感技术,11.0,6.0
NFC,11.0,7.0
今日头条概念,11.0,8.0
Facebook概念,11.0,7.0
沪台通,11.0,11.0
幼儿教育,11.0,14.0
中巴经济走廊,11.0,5.0
智能建筑,11.0,5.0
林场改革,11.0,7.0
基建工程,10.0,8.0
机器视觉,10.0,4.0
芯片封装测试,10.0,5.0
螺纹钢,10.0,11.0
美团概念股,10.0,8.0
余热发电,10.0,8.0
P2P概念,10.0,8.0
农垦改革,10.0,5.0
钛,10.0,6.0
燃油,10.0,5.0
嫦娥概念,10.0,12.0
北京环球影城,10.0,7.0
依法治国概念,10.0,5.0
眼科医疗,10.0,9.0
口罩,10.0,3.0
平潭免税区,10.0,10.0
谷歌概念,10.0,6.0
她经济,10.0,7.0
超级计算机,10.0,5.0
特钢概念,10.0,9.0
海上风电,10.0,9.0
粘胶短纤,10.0,6.0
特种玻璃,10.0,8.0
挖掘机,10.0,8.0
供销社,10.0,6.0
橡胶,10.0,11.0
手足口病,10.0,9.0
大国重器标的,10.0,9.0
磁悬浮,10.0,8.0
进口博览会,10.0,5.0
云南国资改革,10.0,7.0
大连自贸区,10.0,8.0
华为汽车,10.0,8.0
环保包装,10.0,6.0
诺贝尔,10.0,5.0
乙肝治疗,10.0,7.0
玻璃纤维,10.0,7.0
辽宁国资改革,10.0,5.0
分离膜,10.0,6.0
电子标签,10.0,7.0
智慧停车,10.0,4.0
负极材料,10.0,9.0
乙二醇,9.0,6.0
数字孪生,9.0,4.0
消防装备,9.0,5.0
基站射频,9.0,9.0
工程建材,9.0,10.0
铜冶炼,9.0,6.0
致密气,9.0,5.0
配电网,9.0,4.0
家庭农场,9.0,4.0
两江新区,9.0,8.0
公路建设,9.0,4.0
南水北调,9.0,4.0
去IOE,9.0,5.0
石墨电极,9.0,5.0
大豆,9.0,8.0
兽药,9.0,8.0
钨,9.0,6.0
空气净化,9.0,8.0
纤维板,9.0,5.0
SDR概念,9.0,3.0
芯片材料,9.0,3.0
预警机,9.0,11.0
换芯,9.0,2.0
扶贫开发,9.0,8.0
征信,9.0,6.0
有机硅,9.0,6.0
光热,9.0,5.0
雄安金融,9.0,4.0
超导,9.0,10.0
棉花种植,9.0,6.0
电解液,9.0,5.0
全面屏,9.0,6.0
赛马概念,9.0,9.0
VR平台,9.0,6.0
水价改革,9.0,4.0
锦纶,9.0,3.0
天然气管道,9.0,2.0
短视频,9.0,5.0
航运港口,9.0,8.0
玉米种业,9.0,7.0
参股360,9.0,7.0
智慧党建,9.0,7.0
强麦,9.0,7.0
虚拟运营商,9.0,7.0
电信业整合,9.0,5.0
普麦,9.0,7.0
冬虫夏草,9.0,4.0
明星参股概念,9.0,7.0
参股基金,9.0,4.0
油改气,9.0,3.0
氟化工,9.0,4.0
B转H,9.0,4.0
金属镍,8.0,5.0
超硬材料,8.0,7.0
双十一,8.0,5.0
机床制造,8.0,6.0
碳交易,8.0,8.0
煤价下跌受益,8.0,8.0
雄安地产,8.0,3.0
专网通信,8.0,7.0
PTA,8.0,4.0
海底捞概念,8.0,4.0
大上海,8.0,6.0
中国电科系,8.0,6.0
超级稻,8.0,7.0
四川国资改革,8.0,4.0
智能路由器,8.0,6.0
马歇尔计划,8.0,7.0
水产品,8.0,4.0
福建基建,8.0,7.0
电梯概念,8.0,5.0
私人飞机,8.0,8.0
吉林国资改革,8.0,6.0
铀矿,8.0,6.0
乙烯,8.0,0.0
OLED面板,8.0,7.0
智能手表,8.0,6.0
焦炭,8.0,7.0
登革热,8.0,4.0
超级高铁,8.0,6.0
互联网银行,8.0,4.0
草甘膦,8.0,4.0
引力波,8.0,7.0
焦煤,8.0,7.0
甘肃国资改革,8.0,5.0
油页岩,8.0,5.0
光伏玻璃,8.0,5.0
无人零售,8.0,5.0
航空租赁,8.0,6.0
黑洞概念,8.0,5.0
兰新白试验区,8.0,6.0
油气装备,8.0,2.0
人脑工程,8.0,6.0
白银,8.0,5.0
电子烟,8.0,6.0
SAAS,8.0,3.0
蜱虫,8.0,4.0
奢侈品,8.0,5.0
单抗,8.0,3.0
独家医药品种,8.0,7.0
幕墙,7.0,3.0
电缆,7.0,6.0
医药安全,7.0,6.0
现代服务业,7.0,3.0
武汉光谷,7.0,6.0
西电东送,7.0,5.0
粗苯,7.0,6.0
电动自行车,7.0,5.0
锌电池,7.0,6.0
消费金融,7.0,6.0
电子书,7.0,5.0
移动金融,7.0,3.0
人机交互,7.0,4.0
激光器,7.0,6.0
三旧改造,7.0,5.0
丁二烯,7.0,4.0
二手车,7.0,4.0
汽车关税下调,7.0,5.0
OLED设备制造,7.0,4.0
固态电池,7.0,7.0
物联网传输层,7.0,3.0
线材,7.0,4.0
商品新零售,7.0,7.0
胶合板,7.0,4.0
交通示范区,7.0,5.0
智能表,7.0,3.0
炭黑,7.0,4.0
中概股回归,7.0,4.0
煤矿安全,7.0,4.0
太空互联网,7.0,10.0
转基因,7.0,5.0
空铁WIFI,7.0,4.0
5G主设备,7.0,6.0
虹膜识别,7.0,5.0
聚碳酸酯,7.0,5.0
无人岛开发,7.0,7.0
存储芯片,7.0,3.0
调味品,7.0,9.0
中材系,7.0,5.0
OLED显示模组,7.0,5.0
可降解塑料,7.0,2.0
手势识别,7.0,4.0
硝酸,7.0,4.0
微信小程序,7.0,5.0
粳稻,7.0,5.0
聚氯乙烯,7.0,6.0
广东自贸区,7.0,8.0
两桶油改革,7.0,2.0
余额宝,7.0,4.0
智能眼镜,7.0,6.0
公共交通,7.0,2.0
一号文件,7.0,2.0
透明计算,7.0,4.0
食品包装,7.0,5.0
湖北国资改革,7.0,5.0
雄安交通,7.0,6.0
铅蓄电池,7.0,4.0
小间距LED,7.0,5.0
一元股,7.0,2.0
共享单车,7.0,3.0
黑磷,7.0,8.0
态势感知,7.0,7.0
燃料乙醇,7.0,7.0
维稳,7.0,6.0
风沙治理,7.0,5.0
太赫兹,7.0,6.0
基站天线,7.0,7.0
汽车电商,6.0,4.0
电子车牌,6.0,5.0
陶瓷电容,6.0,3.0
己二酸,6.0,4.0
河南自贸区,6.0,4.0
冠状病毒,6.0,5.0
安徽自贸区,6.0,5.0
石墨烯手机,6.0,6.0
超级真菌,6.0,3.0
APEC会议,6.0,5.0
LNG动力船,6.0,6.0
水域改革,6.0,4.0
LNG汽车,6.0,4.0
移动射频,6.0,5.0
节能减排,6.0,4.0
二维码识别,6.0,2.0
平安资管持股,6.0,5.0
牛羊肉,6.0,4.0
聚土地概念,6.0,3.0
青蒿素,6.0,2.0
氨纶,6.0,5.0
食盐,6.0,5.0
超材料概念,6.0,5.0
航天系,6.0,9.0
猪瘟疫情,6.0,6.0
轻型合金,6.0,4.0
岩棉,6.0,4.0
4D打印,6.0,3.0
分子诊断,6.0,5.0
休闲零食,6.0,5.0
电子发票,6.0,4.0
音乐产业,6.0,5.0
胰岛素,6.0,2.0
重金属治理,6.0,5.0
化妆护肤品,6.0,1.0
铟,6.0,4.0
互联网券商,6.0,1.0
血液制品,6.0,6.0
绿色轮胎,6.0,1.0
再生水,6.0,2.0
西尼罗病毒,6.0,4.0
炭疽,6.0,4.0
杭州湾大湾区,6.0,7.0
黔中经济区,6.0,6.0
炭素,6.0,5.0
体育用品,6.0,4.0
小额再贷款,6.0,2.0
云通信,6.0,5.0
诺基亚,6.0,3.0
检测认证,6.0,3.0
稀土整合,6.0,3.0
快递,6.0,4.0
区块链底层,6.0,2.0
制冷剂,6.0,4.0
存准率扩围,6.0,4.0
农业供给侧改革,6.0,5.0
碳税,6.0,3.0
吡啶,6.0,1.0
覆铜板,6.0,5.0
移动购物,6.0,2.0
浦东前滩,6.0,1.0
民营金融,6.0,3.0
联通混改,6.0,4.0
早籼稻,6.0,5.0
摘帽,6.0,8.0
东湖高新园区,6.0,6.0
圣诞节,5.0,2.0
大数据反恐,5.0,5.0
类稀土,5.0,5.0
黄豆,5.0,4.0
联想概念,5.0,3.0
厄尔尼诺概念,5.0,9.0
SNS概念,5.0,3.0
工业节水,5.0,3.0
油气管网,5.0,0.0
无人银行,5.0,3.0
云印刷,5.0,4.0
新疆发展,5.0,4.0
金属镁,5.0,3.0
多肽药,5.0,4.0
葡萄酒替白酒,5.0,5.0
上海金改,5.0,1.0
净水器,5.0,4.0
双氧水,5.0,2.0
数字出版示范,5.0,2.0
南沙新区,5.0,5.0
南京国资改革,5.0,4.0
废品回收,5.0,4.0
火箭军,5.0,5.0
成都天府新区,5.0,4.0
硅晶圆,5.0,4.0
互联网钢铁,5.0,4.0
洞庭湖生态经济区,5.0,3.0
交通一卡通,5.0,3.0
猪肉收储,5.0,4.0
高岭土概念,5.0,3.0
百草枯,5.0,2.0
中铁系,5.0,3.0
黄金租赁,5.0,3.0
高温概念,5.0,6.0
图像识别,5.0,2.0
全屋定制,5.0,4.0
手足口病疫苗,5.0,5.0
晚籼稻,5.0,5.0
辉钼,5.0,4.0
海航系,5.0,3.0
人工降雨,5.0,4.0
纳米纸,5.0,3.0
灾备存储,5.0,4.0
腾讯平台,5.0,4.0
魔兽概念,5.0,2.0
太阳能热水器,5.0,5.0
砷化镓,5.0,4.0
宝马概念,5.0,3.0
黄金水道,5.0,1.0
新兴板概念,5.0,2.0
流媒体,5.0,2.0
永磁高铁,5.0,4.0
人参,5.0,5.0
养鸡,5.0,3.0
生猪屠宰,5.0,5.0
船舶升级概念,5.0,6.0
钒电池,5.0,4.0
抗辐射药,5.0,3.0
盐湖提锂,5.0,4.0
抗肝癌,5.0,3.0
老八股,5.0,1.0
萤石,5.0,2.0
新疆自贸区,5.0,6.0
军用无人机,5.0,4.0
搜索引擎,5.0,4.0
电梯物联网,5.0,3.0
水处理膜,5.0,3.0
环境监测,5.0,6.0
贵州国资改革,5.0,3.0
高考,5.0,6.0
移动电源,5.0,4.0
特朗普访华,5.0,3.0
抗艾滋病,5.0,6.0
钾离子电池,5.0,3.0
陕西自贸区,5.0,5.0
环氧树脂,5.0,4.0
校车,5.0,5.0
沥青,4.0,2.0
白炭黑,4.0,3.0
海洋油污清理,4.0,3.0
硫磺,4.0,3.0
医学影像,4.0,2.0
氧化铝,4.0,3.0
哮喘,4.0,1.0
GPU,4.0,1.0
小猪佩奇,4.0,3.0
中澳自贸区,4.0,1.0
营改增试点,4.0,0.0
秸秆综合利用,4.0,3.0
轧板,4.0,2.0
福建物联网,4.0,4.0
锗涨价,4.0,3.0
中央政务区,4.0,3.0
商汤科技概念,4.0,3.0
液氯,4.0,3.0
醋酸,4.0,1.0
新版人民币,4.0,2.0
月饼,4.0,4.0
安徽城镇化,4.0,2.0
霍乱,4.0,4.0
铝电解电容,4.0,3.0
众筹概念,4.0,3.0
内存,4.0,1.0
福建土改,4.0,4.0
棉纱,4.0,1.0
金融信息服务,4.0,1.0
广西中医药,4.0,3.0
白马爆雷,4.0,4.0
兰州自贸区,4.0,2.0
雄安地热,4.0,3.0
农村金融,4.0,2.0
食品中国峰会,4.0,4.0
游轮,4.0,2.0
徐翔概念股,4.0,3.0
西安自贸区,4.0,3.0
数字音乐,4.0,2.0
油气运输仓储,4.0,4.0
腾讯音乐概念,4.0,2.0
中电投合并,4.0,3.0
鼠疫,4.0,0.0
大疆创新概念,4.0,3.0
电子纸,4.0,2.0
盐酸,4.0,3.0
固态硬盘,4.0,3.0
长江防护林,4.0,2.0
磷酸一铵,4.0,4.0
中以自贸区,4.0,3.0
基因芯片,4.0,4.0
渤海粮仓,4.0,3.0
绿色消费,4.0,3.0
外资券商影子股,4.0,4.0
新疆旅游,4.0,1.0
铁路混改,4.0,1.0
电石,4.0,2.0
微电子,4.0,5.0
诚通系,4.0,1.0
富勒烯,4.0,3.0
重庆国资改革,4.0,4.0
冰雪产业,4.0,2.0
家禽养殖,4.0,3.0
淀粉,4.0,4.0
农村环境治理,4.0,4.0
智能服务,4.0,3.0
VR影视,4.0,3.0
人造太阳,4.0,1.0
体感交互,4.0,2.0
基因疗法,4.0,3.0
机器学习,4.0,4.0
焦虑症,4.0,3.0
结核病,4.0,0.0
环氧丙烷,4.0,3.0
游艇,4.0,4.0
生态城乡,4.0,4.0
骨传导,4.0,3.0
镍氢电池,4.0,3.0
沪伦通预期,4.0,2.0
杭州亚运会,4.0,6.0
气凝胶,4.0,2.0
地沟油概念,4.0,3.0
钛白粉,4.0,1.0
移动pos机,4.0,2.0
疟疾,4.0,1.0
临港地区,4.0,3.0
液态金属,4.0,3.0
VR直播,4.0,2.0
塑化剂,4.0,4.0
互联网大会,4.0,3.0
农业合作社,4.0,3.0
京东金融概念,4.0,1.0
液化气,4.0,4.0
苹果期货,4.0,1.0
海岛整治修复,4.0,4.0
重庆自贸区,4.0,7.0
MCU,4.0,1.0
农业信息化,3.0,2.0
民用无人机,3.0,3.0
靶材,3.0,2.0
寨卡病毒概念,3.0,1.0
珠海主题公园,3.0,2.0
土豆,3.0,1.0
锌二氧化锰,3.0,2.0
天然气锅炉,3.0,3.0
雄安软件,3.0,1.0
达菲,3.0,3.0
互联网期货,3.0,4.0
票交所,3.0,2.0
中船系,3.0,5.0
奥运会,3.0,3.0
驾驶培训,3.0,1.0
板蓝根,3.0,2.0
北京大兴机场,3.0,1.0
虚拟机器人,3.0,3.0
深紫外光,3.0,2.0
石灰石,3.0,3.0
台风影响股,3.0,2.0
范冰冰概念股,3.0,3.0
招商系,3.0,1.0
工控信息安全,3.0,3.0
金控平台,3.0,2.0
三聚氰胺,3.0,0.0
疫苗存储,3.0,2.0
显卡,3.0,2.0
挖矿设备,3.0,1.0
赣南振兴,3.0,3.0
博彩,3.0,2.0
鱼蛋白,3.0,2.0
合成革,3.0,2.0
啤酒概念,3.0,7.0
情人节,3.0,1.0
科技保险,3.0,1.0
TDI,3.0,1.0
厚朴系,3.0,3.0
航运系,3.0,1.0
奶牛养殖,3.0,2.0
西咸新区,3.0,3.0
国产伟哥,3.0,1.0
金属锰,3.0,2.0
太空望远镜,3.0,2.0
松脂,3.0,0.0
核污染防治,3.0,2.0
数字货币,3.0,3.0
中远系,3.0,1.0
福建污染减排,3.0,3.0
环球主题公园,3.0,2.0
体感3D,3.0,2.0
婚庆,3.0,2.0
服务外包,3.0,0.0
陶瓷产品,3.0,2.0
三氯甲烷,3.0,2.0
移动入口,3.0,1.0
超声治疗,3.0,0.0
胶原蛋白,3.0,3.0
芬太尼,3.0,1.0
分布式燃气发电,3.0,2.0
珠海国资改革,3.0,2.0
磷酸铁锂,3.0,3.0
史玉柱概念,3.0,1.0
广州旅游,3.0,3.0
增碳剂,3.0,3.0
屏下指纹技术,3.0,2.0
武汉金改,3.0,1.0
塑料钞票,3.0,0.0
合肥迪士尼,3.0,2.0
银联,3.0,2.0
油豆,3.0,1.0
西沙旅游,3.0,0.0
矿山生态修复,3.0,3.0
台湾概念股,3.0,32.0
钒涨价,3.0,3.0
建筑涂料,3.0,4.0
全运会,3.0,3.0
ATM机,3.0,2.0
五一出境游,3.0,3.0
甲乙酮,3.0,3.0
BIT概念,3.0,0.0
西藏国资改革,3.0,2.0
电阻,3.0,2.0
白糖,3.0,4.0
有声读物,3.0,3.0
易信,3.0,2.0
无感支付,3.0,0.0
月球车,3.0,4.0
铌,3.0,3.0
眼动技术,3.0,1.0
移动天线,3.0,3.0
军用机器人,3.0,2.0
丙烯酸,3.0,3.0
油菜籽,3.0,3.0
空中巴士,3.0,3.0
鸡尾酒,3.0,3.0
有轨电车,3.0,4.0
丙烷脱氢,3.0,3.0
柴油发电,3.0,2.0
飞机租赁,2.0,1.0
机器人材料,2.0,1.0
能源纸,2.0,2.0
网络媒体,2.0,1.0
尿不湿,2.0,3.0
量子霍尔,2.0,0.0
中德合作,2.0,2.0
人民币防伪,2.0,0.0
钠离子电池,2.0,2.0
电动汽车租赁,2.0,2.0
大容量通信,2.0,2.0
防辐射,2.0,2.0
沪锡,2.0,1.0
涉矾,2.0,2.0
碳海绵,2.0,0.0
嘉兴土改,2.0,0.0
POCT,2.0,2.0
数字视觉,2.0,1.0
网易概念,2.0,2.0
新疆电源项目,2.0,2.0
饮料,2.0,2.0
智能自行车,2.0,2.0
黄金暴跌受益,2.0,1.0
便利店,2.0,3.0
铬铁,2.0,2.0
芯片设备,2.0,2.0
硅铁,2.0,0.0
除雪概念,2.0,2.0
互联网家装,2.0,1.0
静安闸北合并,2.0,1.0
珠港澳物流合作园,2.0,2.0
翡翠,2.0,1.0
比特币,2.0,1.0
甲醛,2.0,1.0
活性炭,2.0,2.0
医疗机器人,2.0,2.0
肾透析,2.0,2.0
佛山金改,2.0,1.0
OLED芯片,2.0,1.0
HPV疫苗,2.0,1.0
有机食品,2.0,2.0
大运会,2.0,1.0
潜水运动,2.0,2.0
MDI,2.0,0.0
中俄自贸区,2.0,4.0
江苏污水处理,2.0,1.0
白卡纸,2.0,2.0
数字阅读,2.0,1.0
智能玻璃,2.0,2.0
临近空间,2.0,2.0
面粉,2.0,1.0
海底隧道,2.0,2.0
黄光裕概念,2.0,1.0
病毒检测芯片,2.0,2.0
参股安世半导体,2.0,2.0
虚拟导游,2.0,2.0
金属锑,2.0,1.0
电视游戏,2.0,2.0
豆粕,2.0,2.0
双胶纸,2.0,1.0
流量银行,2.0,2.0
自动售货机,2.0,2.0
淘宝手机,2.0,2.0
量子计算,2.0,2.0
互联网电力,2.0,2.0
忆阻器,2.0,0.0
湖南自贸区,2.0,1.0
番茄酱,2.0,2.0
融媒体,2.0,1.0
农信社改革,2.0,0.0
中瑞自贸协定,2.0,2.0
硫酸铵,2.0,1.0
住房租赁,2.0,0.0
K12教育,2.0,2.0
象牙加工销售,2.0,1.0
国Ⅳ排放受益,2.0,1.0
语音技术,2.0,3.0
石墨烯油墨,2.0,2.0
癌症定量检测,2.0,1.0
重庆水资源,2.0,1.0
MERS概念,2.0,1.0
共享办公,2.0,0.0
钌催化剂,2.0,2.0
广东基建,2.0,2.0
CAD,2.0,1.0
正定新区,2.0,1.0
MTBE,2.0,2.0
5G运营商,2.0,2.0
藏药,2.0,2.0
武汉自贸区,2.0,2.0
人工角膜,2.0,1.0
潮汐发电,2.0,1.0
心脏支架,2.0,0.0
食用油,2.0,3.0
厕所革命,2.0,1.0
GEP,2.0,1.0
共享医院,2.0,1.0
OGS触控屏,2.0,1.0
硫酸钾,2.0,0.0
溴素,2.0,1.0
S股,2.0,1.0
阿糖胞苷,1.0,1.0
甘蔗废料利用,1.0,2.0
片碱,1.0,0.0
箱板纸,1.0,0.0
普洱茶,1.0,1.0
首都副中心,1.0,1.0
北部湾自贸区,1.0,3.0
碳化硅,1.0,2.0
电解锰,1.0,1.0
智能金融,1.0,1.0
手机芯片,1.0,1.0
菜籽粕,1.0,1.0
王亚伟持股,1.0,1.0
际华系,1.0,0.0
味精,1.0,0.0
禁毒概念,1.0,2.0
参股外资金融,1.0,0.0
狂犬病,1.0,1.0
中粮系国企改革,1.0,1.0
聚乳酸,1.0,1.0
车用尿素,1.0,0.0
国投系,1.0,0.0
PA66,1.0,0.0
子弹短信,1.0,2.0
豆油,1.0,1.0
醋酐,1.0,1.0
文具,1.0,1.0
菜籽油,1.0,1.0
棕榈油,1.0,1.0
细胞运输膜融合,1.0,1.0
煤头尿素,1.0,0.0
百度金融,1.0,1.0
VR游戏,1.0,2.0
氢氟酸,1.0,0.0
殡仪服务,1.0,1.0
不孕不育,1.0,2.0
羊绒,1.0,0.0
智能纤维,1.0,1.0
丝绸,1.0,1.0
铂矿,1.0,1.0
中科系,1.0,1.0
新型杀菌剂,1.0,0.0
氯化铵,1.0,2.0
中粮系,1.0,1.0
郭台铭概念,0.0,17.0
互联网法院,0.0,2.0
